use db_final_project;
INSERT INTO `store` (`store_name`,`status`) VALUES ('jam','active');
INSERT INTO `store` (`store_name`,`status`) VALUES ('kurosh','deactive');
INSERT INTO `store` (`store_name`,`status`) VALUES ('shahrvand','active');
INSERT INTO `order_ingredients` (`ingrideint_name`,`ingredient_price`) VALUES ('khamir',15000);
INSERT INTO `order_ingredients` (`ingrideint_name`,`ingredient_price`) VALUES ('meat',20000);
INSERT INTO `order_ingredients` (`ingrideint_name`,`ingredient_price`) VALUES ('sabzi',20000);
INSERT INTO `order_ingredients` (`ingrideint_name`,`ingredient_price`) VALUES ('doogh',25000);
INSERT INTO `order_ingredients` (`ingrideint_name`,`ingredient_price`) VALUES ('soda',25000);
INSERT INTO `order_ingredients` (`ingrideint_name`,`ingredient_price`) VALUES ('panir pitza',30000);
INSERT INTO `order_food` (`food_name`,`menuFood_name`,`price`) VALUES ('نوشابه','نوشابه',3000);
INSERT INTO `order_food` (`food_name`,`menuFood_name`,`price`) VALUES ('سالاد','سالاد',12000);
INSERT INTO `order_food` (`food_name`,`menuFood_name`,`price`) VALUES ('بندری','بندری',14000);
INSERT INTO `order_food` (`food_name`,`menuFood_name`,`price`) VALUES ('پیتزا مخلوط','پیتزا مخلوط',16000);
INSERT INTO `order_food` (`food_name`,`menuFood_name`,`price`) VALUES ('پیتزا مخلوط','پیتزا مخلوط',20000);
INSERT INTO `order_food` (`food_name`,`menuFood_name`,`price`) VALUES ('چیکن برگر','چیکن برگر',20000);
INSERT INTO `order_food` (`food_name`,`menuFood_name`,`price`) VALUES ('کراکف','کراکف',21000);
INSERT INTO `order_food` (`food_name`,`menuFood_name`,`price`) VALUES ('پیتزا مخصوص','پیتزا مخصوص',22000);
INSERT INTO `order_food` (`food_name`,`menuFood_name`,`price`) VALUES ('چیزبرگر','چیزبرگر',24000);
INSERT INTO `menu` (`food_name`,`price`) VALUES ('پیتزا مخصوص',22000);
INSERT INTO `menu` (`food_name`,`price`) VALUES ('پیتزا مخلوط',20000);
INSERT INTO `menu` (`food_name`,`price`) VALUES ('تت',32000);
INSERT INTO `menu` (`food_name`,`price`) VALUES ('چیزبرگر',24000);
INSERT INTO `menu` (`food_name`,`price`) VALUES ('چیکن برگر',20000);
INSERT INTO `menu` (`food_name`,`price`) VALUES ('دوغ',3500);
INSERT INTO `menu` (`food_name`,`price`) VALUES ('سالاد',12000);
INSERT INTO `menu` (`food_name`,`price`) VALUES ('کراکف',21000);
INSERT INTO `menu` (`food_name`,`price`) VALUES ('لازانیا',25000);
INSERT INTO `menu` (`food_name`,`price`) VALUES ('نوشابه',3000);
INSERT INTO `menu` (`food_name`,`price`) VALUES ('هات داگ',15000);
INSERT INTO `menu` (`food_name`,`price`) VALUES ('همبرگر',22000);
INSERT INTO `include_ingredients` (`factor_ingredientsFactor_num`,`order_ingridientIngridient_name`,`order_ingridientIngridient_price`,`numberOfOrder`) VALUES (0,'sosage',30000,10);
INSERT INTO `include_ingredients` (`factor_ingredientsFactor_num`,`order_ingridientIngridient_name`,`order_ingridientIngridient_price`,`numberOfOrder`) VALUES (1,'doogh',25000,1);
INSERT INTO `include_ingredients` (`factor_ingredientsFactor_num`,`order_ingridientIngridient_name`,`order_ingridientIngridient_price`,`numberOfOrder`) VALUES (1,'soda',25000,1);
INSERT INTO `include_ingredients` (`factor_ingredientsFactor_num`,`order_ingridientIngridient_name`,`order_ingridientIngridient_price`,`numberOfOrder`) VALUES (2,'ddf',50000,2);
INSERT INTO `include_ingredients` (`factor_ingredientsFactor_num`,`order_ingridientIngridient_name`,`order_ingridientIngridient_price`,`numberOfOrder`) VALUES (2,'khamir',15000,1);
INSERT INTO `include_ingredients` (`factor_ingredientsFactor_num`,`order_ingridientIngridient_name`,`order_ingridientIngridient_price`,`numberOfOrder`) VALUES (2,'sabzi',20000,1);
INSERT INTO `include_ingredients` (`factor_ingredientsFactor_num`,`order_ingridientIngridient_name`,`order_ingridientIngridient_price`,`numberOfOrder`) VALUES (3,'mast',2000,2);
INSERT INTO `include_ingredients` (`factor_ingredientsFactor_num`,`order_ingridientIngridient_name`,`order_ingridientIngridient_price`,`numberOfOrder`) VALUES (3,'mnmmn',12000,2);
INSERT INTO `include_ingredients` (`factor_ingredientsFactor_num`,`order_ingridientIngridient_name`,`order_ingridientIngridient_price`,`numberOfOrder`) VALUES (3,'mol',64000,2);
INSERT INTO `include_ingredients` (`factor_ingredientsFactor_num`,`order_ingridientIngridient_name`,`order_ingridientIngridient_price`,`numberOfOrder`) VALUES (3,'panir pitza',30000,1);
INSERT INTO `include_ingredients` (`factor_ingredientsFactor_num`,`order_ingridientIngridient_name`,`order_ingridientIngridient_price`,`numberOfOrder`) VALUES (4,'felfel',15000,6);
INSERT INTO `include_ingredients` (`factor_ingredientsFactor_num`,`order_ingridientIngridient_name`,`order_ingridientIngridient_price`,`numberOfOrder`) VALUES (6,'tomato',20000,8);
INSERT INTO `include_ingredients` (`factor_ingredientsFactor_num`,`order_ingridientIngridient_name`,`order_ingridientIngridient_price`,`numberOfOrder`) VALUES (7,'bread',25000,10);
INSERT INTO `include_ingredients` (`factor_ingredientsFactor_num`,`order_ingridientIngridient_name`,`order_ingridientIngridient_price`,`numberOfOrder`) VALUES (11,'corn',21000,5);
INSERT INTO `include_ingredients` (`factor_ingredientsFactor_num`,`order_ingridientIngridient_name`,`order_ingridientIngridient_price`,`numberOfOrder`) VALUES (16,'chiken',30000,2);

INSERT INTO `factor_ingredients` (`factor_number`,`date`,`total_cost`,`storeStore_name`) VALUES (0,'2020-01-31 16:59:48',12000,'jam');
INSERT INTO `factor_ingredients` (`factor_number`,`date`,`total_cost`,`storeStore_name`) VALUES (1,'2019-04-21 15:55:00',50000,'kurosh');
INSERT INTO `factor_ingredients` (`factor_number`,`date`,`total_cost`,`storeStore_name`) VALUES (2,'2019-04-18 22:55:00',35000,'jam');
INSERT INTO `factor_ingredients` (`factor_number`,`date`,`total_cost`,`storeStore_name`) VALUES (3,'2019-04-21 15:55:00',30000,'shahrvand');
INSERT INTO `factor_ingredients` (`factor_number`,`date`,`total_cost`,`storeStore_name`) VALUES (4,'2020-01-31 00:00:00',52000,'jam');
INSERT INTO `factor_ingredients` (`factor_number`,`date`,`total_cost`,`storeStore_name`) VALUES (6,'2020-01-31 17:06:04',2000,'jam');
INSERT INTO `factor_ingredients` (`factor_number`,`date`,`total_cost`,`storeStore_name`) VALUES (7,'2020-01-31 17:13:53',0,'jam');
INSERT INTO `factor_ingredients` (`factor_number`,`date`,`total_cost`,`storeStore_name`) VALUES (11,'2020-01-31 14:52:35',20000,'jam');
INSERT INTO `factor_ingredients` (`factor_number`,`date`,`total_cost`,`storeStore_name`) VALUES (16,'2020-01-31 17:15:36',64000,'jam');
INSERT INTO `factor_food_withname` (`factor_number`,`date`,`address_id`,`total_cost`,`customer_name`,`customerNational_code`,`address`,`deliveryNational_code`) VALUES (1,'2019-04-28 20:46:00',1,34000,'parham','0021532114','shahrak-gharb bolvar darya kh12 kooche22 p2 v15','0043265203');
INSERT INTO `factor_food_withname` (`factor_number`,`date`,`address_id`,`total_cost`,`customer_name`,`customerNational_code`,`address`,`deliveryNational_code`) VALUES (2,'2019-04-18 22:55:00',4,20000,'sara','0021563600','تهران-خیابان انقلاب اسلامی-کوچه ماندگار-پلاک22-واحد4','0043265203');
INSERT INTO `factor_food_withname` (`factor_number`,`date`,`address_id`,`total_cost`,`customer_name`,`customerNational_code`,`address`,`deliveryNational_code`) VALUES (3,'2019-04-21 15:55:00',4,23000,'sara','0021563600','تهران-خیابان انقلاب اسلامی-کوچه ماندگار-پلاک22-واحد4','0043265414');
INSERT INTO `factor_food_withname` (`factor_number`,`date`,`address_id`,`total_cost`,`customer_name`,`customerNational_code`,`address`,`deliveryNational_code`) VALUES (4,'2019-04-24 22:55:00',4,20000,'sara','0021563600',NULL,NULL);
INSERT INTO `factor_food_withname` (`factor_number`,`date`,`address_id`,`total_cost`,`customer_name`,`customerNational_code`,`address`,`deliveryNational_code`) VALUES (5,'2019-10-27 18:55:00',5,32000,'niusha','0021563612','vali-asr square khhafez  kooche22 p21 v1','0043265153');
INSERT INTO `factor_food_withname` (`factor_number`,`date`,`address_id`,`total_cost`,`customer_name`,`customerNational_code`,`address`,`deliveryNational_code`) VALUES (9,'2019-10-11 21:10:00',4,34000,'sara','0021563600','تهران-خیابان انقلاب اسلامی-کوچه ماندگار-پلاک22-واحد4','0043265478');
INSERT INTO `factor_food_withname` (`factor_number`,`date`,`address_id`,`total_cost`,`customer_name`,`customerNational_code`,`address`,`deliveryNational_code`) VALUES (14,'2020-02-03 17:10:40',NULL,40000,NULL,NULL,NULL,NULL);
INSERT INTO `factor_food_withname` (`factor_number`,`date`,`address_id`,`total_cost`,`customer_name`,`customerNational_code`,`address`,`deliveryNational_code`) VALUES (15,'2020-02-03 17:37:49',NULL,20000,NULL,NULL,NULL,NULL);
INSERT INTO `factor_food_withname` (`factor_number`,`date`,`address_id`,`total_cost`,`customer_name`,`customerNational_code`,`address`,`deliveryNational_code`) VALUES (17,'2020-02-03 17:40:37',NULL,20000,NULL,NULL,NULL,NULL);
INSERT INTO `factor_food_withname` (`factor_number`,`date`,`address_id`,`total_cost`,`customer_name`,`customerNational_code`,`address`,`deliveryNational_code`) VALUES (22,'2020-01-31 18:36:05',NULL,20000,NULL,NULL,NULL,NULL);
INSERT INTO `factor_food_withname` (`factor_number`,`date`,`address_id`,`total_cost`,`customer_name`,`customerNational_code`,`address`,`deliveryNational_code`) VALUES (23,'2020-01-31 18:36:05',NULL,55000,NULL,NULL,'kjdlajdljdk','0043265499');
INSERT INTO `factor_food_withname` (`factor_number`,`date`,`address_id`,`total_cost`,`customer_name`,`customerNational_code`,`address`,`deliveryNational_code`) VALUES (24,'2020-01-31 18:36:05',NULL,45000,NULL,NULL,'mmmxcmxcm','0043265203');
INSERT INTO `factor_food_withname` (`factor_number`,`date`,`address_id`,`total_cost`,`customer_name`,`customerNational_code`,`address`,`deliveryNational_code`) VALUES (25,'2020-01-31 18:36:05',NULL,20000,NULL,NULL,'aaaaaaaaaaaaa','0043265499');

INSERT INTO `delivery` (`national_code`,`name`,`Lname`,`mobile_phone`) VALUES ('0021334558','ali','asghari','09123141566');
INSERT INTO `delivery` (`national_code`,`name`,`Lname`,`mobile_phone`) VALUES ('0043265153','kamal','kamyabi','09123211564');
INSERT INTO `delivery` (`national_code`,`name`,`Lname`,`mobile_phone`) VALUES ('0043265203','ahmad','rostami','09378652143');
INSERT INTO `delivery` (`national_code`,`name`,`Lname`,`mobile_phone`) VALUES ('0043265414','salim','jafari','09123203656');
INSERT INTO `delivery` (`national_code`,`name`,`Lname`,`mobile_phone`) VALUES ('0043265478','hamed','hamedi','09352164795');
INSERT INTO `customer` (`national_code`,`name`,`Lname`,`mobile_phone`,`age`) VALUES ('0021532114','parham','alvani','09365141498',27);
INSERT INTO `customer` (`national_code`,`name`,`Lname`,`mobile_phone`,`age`) VALUES ('0021561234','taha','kamali','09125141363',57);
INSERT INTO `customer` (`national_code`,`name`,`Lname`,`mobile_phone`,`age`) VALUES ('0021563415','mani','haghjoo','09365141543',33);
INSERT INTO `customer` (`national_code`,`name`,`Lname`,`mobile_phone`,`age`) VALUES ('0021563600','sara','nabi','09365141326',22);
INSERT INTO `customer` (`national_code`,`name`,`Lname`,`mobile_phone`,`age`) VALUES ('0021563612','niusha','razi','09125142243',36);
INSERT INTO `customer` (`national_code`,`name`,`Lname`,`mobile_phone`,`age`) VALUES ('0021563669','ali','amani','09125141543',23);
INSERT INTO `customer` (`national_code`,`name`,`Lname`,`mobile_phone`,`age`) VALUES ('0021567669','saba','shafagh','09365122213',12);
INSERT INTO `customer` (`national_code`,`name`,`Lname`,`mobile_phone`,`age`) VALUES ('0021673993','mohsen','amiri','09368763256',22);
INSERT INTO `customer` (`national_code`,`name`,`Lname`,`mobile_phone`,`age`) VALUES ('0028693669','sadra','naji','09125143643',45);
INSERT INTO `contains` (`factor_FoodFactor_number`,`order_FoodFood_name`,`order_FoodFood_price`,`numberOfOrder`) VALUES (1,'بندری',14000,1);
INSERT INTO `contains` (`factor_FoodFactor_number`,`order_FoodFood_name`,`order_FoodFood_price`,`numberOfOrder`) VALUES (1,'پیتزا مخلوط',20000,1);
INSERT INTO `contains` (`factor_FoodFactor_number`,`order_FoodFood_name`,`order_FoodFood_price`,`numberOfOrder`) VALUES (2,'پیتزا مخلوط',20000,1);
INSERT INTO `contains` (`factor_FoodFactor_number`,`order_FoodFood_name`,`order_FoodFood_price`,`numberOfOrder`) VALUES (3,'پیتزا مخلوط',20000,1);
INSERT INTO `contains` (`factor_FoodFactor_number`,`order_FoodFood_name`,`order_FoodFood_price`,`numberOfOrder`) VALUES (3,'نوشابه',3000,1);
INSERT INTO `contains` (`factor_FoodFactor_number`,`order_FoodFood_name`,`order_FoodFood_price`,`numberOfOrder`) VALUES (4,'پیتزا مخلوط',20000,1);
INSERT INTO `contains` (`factor_FoodFactor_number`,`order_FoodFood_name`,`order_FoodFood_price`,`numberOfOrder`) VALUES (5,'چیکن برگر',20000,1);
INSERT INTO `contains` (`factor_FoodFactor_number`,`order_FoodFood_name`,`order_FoodFood_price`,`numberOfOrder`) VALUES (5,'سالاد',12000,1);
INSERT INTO `contains` (`factor_FoodFactor_number`,`order_FoodFood_name`,`order_FoodFood_price`,`numberOfOrder`) VALUES (6,'چیزبرگر',24000,1);
INSERT INTO `contains` (`factor_FoodFactor_number`,`order_FoodFood_name`,`order_FoodFood_price`,`numberOfOrder`) VALUES (7,'پیتزا مخصوص',22000,1);
INSERT INTO `contains` (`factor_FoodFactor_number`,`order_FoodFood_name`,`order_FoodFood_price`,`numberOfOrder`) VALUES (7,'چیزبرگر',24000,1);
INSERT INTO `contains` (`factor_FoodFactor_number`,`order_FoodFood_name`,`order_FoodFood_price`,`numberOfOrder`) VALUES (8,'سالاد',12000,1);
INSERT INTO `contains` (`factor_FoodFactor_number`,`order_FoodFood_name`,`order_FoodFood_price`,`numberOfOrder`) VALUES (8,'کراکف',21000,1);
INSERT INTO `contains` (`factor_FoodFactor_number`,`order_FoodFood_name`,`order_FoodFood_price`,`numberOfOrder`) VALUES (9,'بندری',14000,1);
INSERT INTO `contains` (`factor_FoodFactor_number`,`order_FoodFood_name`,`order_FoodFood_price`,`numberOfOrder`) VALUES (9,'چیکن برگر',20000,1);
INSERT INTO `contains` (`factor_FoodFactor_number`,`order_FoodFood_name`,`order_FoodFood_price`,`numberOfOrder`) VALUES (10,'پیتزا مخلوط',16000,1);
INSERT INTO `contains` (`factor_FoodFactor_number`,`order_FoodFood_name`,`order_FoodFood_price`,`numberOfOrder`) VALUES (22,'چیکن برگر',20000,1);
INSERT INTO `contains` (`factor_FoodFactor_number`,`order_FoodFood_name`,`order_FoodFood_price`,`numberOfOrder`) VALUES (23,'پیتزا مخلوط',20000,2);
INSERT INTO `contains` (`factor_FoodFactor_number`,`order_FoodFood_name`,`order_FoodFood_price`,`numberOfOrder`) VALUES (23,'سالاد',12000,1);
INSERT INTO `contains` (`factor_FoodFactor_number`,`order_FoodFood_name`,`order_FoodFood_price`,`numberOfOrder`) VALUES (23,'نوشابه',3000,1);
INSERT INTO `contains` (`factor_FoodFactor_number`,`order_FoodFood_name`,`order_FoodFood_price`,`numberOfOrder`) VALUES (24,'چیزبرگر',24000,1);
INSERT INTO `contains` (`factor_FoodFactor_number`,`order_FoodFood_name`,`order_FoodFood_price`,`numberOfOrder`) VALUES (24,'کراکف',21000,1);
INSERT INTO `contains` (`factor_FoodFactor_number`,`order_FoodFood_name`,`order_FoodFood_price`,`numberOfOrder`) VALUES (25,'پیتزا مخلوط',20000,1);
INSERT INTO `contains` (`factor_FoodFactor_number`,`order_FoodFood_name`,`order_FoodFood_price`,`numberOfOrder`) VALUES (17,'پیتزا مخلوط',20000,1);
INSERT INTO `address` (`address_id`,`customer_name`,`address`,`phone`,`customerNational_code`) VALUES (1,'parham','shahrak-gharb bolvar darya kh12 kooche22 p2 v15','88265846','0021532114');
INSERT INTO `address` (`address_id`,`customer_name`,`address`,`phone`,`customerNational_code`) VALUES (2,'taha','shahrak-gharb bolvar darya kh12 kooche22 p36 v5','88265236','0021561234');
INSERT INTO `address` (`address_id`,`customer_name`,`address`,`phone`,`customerNational_code`) VALUES (3,'mani','vali-asr square khhafez  kooche22 p21 v1','88261590','0021563415');
INSERT INTO `address` (`address_id`,`customer_name`,`address`,`phone`,`customerNational_code`) VALUES (4,'sara','تهران-خیابان انقلاب اسلامی-کوچه ماندگار-پلاک22-واحد4','22265846','0021563600');
INSERT INTO `address` (`address_id`,`customer_name`,`address`,`phone`,`customerNational_code`) VALUES (5,'niusha','vali-asr square khhafez  kooche22 p21 v1','88261590','0021563612');
INSERT INTO `address` (`address_id`,`customer_name`,`address`,`phone`,`customerNational_code`) VALUES (6,'ali','tehran-saadat abad-khaiaban 24metri-kooche25-p14-v20','88265036','0021563669');
INSERT INTO `address` (`address_id`,`customer_name`,`address`,`phone`,`customerNational_code`) VALUES (7,'saba','tehran-7tir-kooche ali-p15-v3','22465846','0021567669');
INSERT INTO `address` (`address_id`,`customer_name`,`address`,`phone`,`customerNational_code`) VALUES (9,'null','تهران-شهرک غرب-بلوار درختی-خ سپهر-پلاک41-واحد3','33265846','0028693669');
